用户名,用户uid,用户ID,粉丝数量,发表时间,视频awemeid,视频url,视频描述,视频时长,点赞数量,收藏数量,评论数量,下载数量,分享数量,总互动量
小蕊锐雯（永劫无间）,a3481488019960720,MS4wLjABAAAAYVaqukqrvpZLQRObfqmpdZdhFLGL2bKluTBz5PzJNbxFMOgm1dyit-RdS9Z2AdY4,73,2024.12.28,a7453301819452738873,https://www.douyin.com/video/7453301819452738873,感谢大家帮忙举报一下烬 #英雄联盟#英雄联盟摆烂 #英雄联盟环境还有救吗,00:51,48,2,147,0,9,206
无聊愁云,a2250036658584192,MS4wLjABAAAAIs65xi8cEp_ABxZFT5H55ulCuzBnRkAlwuuCQ4F-tmcfRo6ovoiRQJFzq26PYvbj,108,2024.12.25,a7452368117516225846,https://www.douyin.com/video/7452368117516225846,摆烂、吵架的队友，在乎的是游戏体验还是输赢？ #游戏日常 #英雄联盟 #游戏 #LOL #游戏分享,04:01,464,19,273,0,14,770
月色  ˗ˋˏᰔᩚˎˊ˗,a3600219866928259,MS4wLjABAAAAe6D889ZpkcbPx3gg65G7FtzXBM4ZNPNAItyhWrwkZO5DjHLsc3WsBlgZViTjuDyu,362,2024.10.28,a7430489737678392627,https://www.douyin.com/video/7430489737678392627,现在的英雄联盟真像个垃圾游戏 排位机制不是送人头就是挂机 摆烂 恶心队友的 #lol #游戏日常,00:15,29,1,56,0,4,90
闪电猫_AD,a1975182456793088,MS4wLjABAAAAm33LjRe8mtDQAa8AetxU9dxW1LQ69c1w2BcsyHJ87KISF9U_nE-PtJDki3W2EbGs,1153,2024.12.08,a7445738649599102227,https://www.douyin.com/video/7445738649599102227,队友摆烂说我消极比赛6的 #elo #adc #lol 本来这个版本下路就是辣鸡，每把都是在下路打着打着队友全炸了，然后对面看一眼我们，发现我下路还没死过，过来4包2，杀完我们队友活了，顺手又杀一次，我是能线杀对面，但我也顶不住对面凯影塞拉斯破败王，这种局谁能赢？必须把胜率拉到50吗？,01:10,429,24,1152,0,285,1890
小阿杰啊,a63211026119,MS4wLjABAAAAxJHci2PrxUbJNsqz_8E49igwFfGJE2xbFq9TrhXaI5Y,239,2024.07.28,a7396511323300842778,https://www.douyin.com/video/7396511323300842778,国服第一艾克1v9，队友摆烂挂机随便赢？ #英雄联盟 #艾克,05:53,15,0,9,0,1,25
娃哈哈杀手,a81723721956,MS4wLjABAAAA9F7wYNdfsX2WwBVop7LUaGSkkxYGlDXirrNjdwbH-FM,676401,2023.11.19,a7303004755775769882,https://www.douyin.com/video/7303004755775769882,你有没有碰到过这样的队友#lol #联盟的魅力 #游戏日常 #男枪 #日常排位,05:59,4827,226,950,0,87,6090
秒神梦魇（接包天）,a97267058060,MS4wLjABAAAAlFgA7UnPkd9vN-U08Ygvo7FjH7SAmiJpn1JVtGw_S7o,7947,2024.10.23,a7428808027463109951,https://www.douyin.com/video/7428808027463109951,这游戏还能玩？#lol #游戏日常分享 #lol机制 #机制 #摆烂队友,01:22,238,15,905,0,48,1206
3DM嘟知道,a29025411011924,MS4wLjABAAAAqSynrWxRSXdnJhbDy2YGGt4rPJKGSVZZc9-DW80GCSM,6699,2024.07.13,a7390701327891959055,https://www.douyin.com/video/7390701327891959055,摆烂玩家的末日！联盟官方考虑将永久封禁摆烂玩家机器码 #英雄联盟,00:31,27,1,22,0,11,61
iu1,a679930410043795,MS4wLjABAAAAZI8bBiXMGmOuImwLbUOizlAebPDvpf1aXfRJG4MQkl0,3594,2024.11.19,a7438472774022204722,https://www.douyin.com/video/7438472774022204722,"逆天阵容,队友摆烂,16杀带飞 #千珏 #英雄联盟 #打野 #直播回放 #翡翠",05:47,1135,33,96,1581,317,0
焰火jug(包天外服PW),a1583749424219757,MS4wLjABAAAAqr-h6uVAxPZoOd-ToyqdIy6Paj96vnmjZl5NPkZFYxL4b76Xwk3KTcqTDbsBLBH0,10424,2024.10.13,a7425006091500604723,https://www.douyin.com/video/7425006091500604723,ELO 队友吵架摆烂 基地五十血翻盘 要素拉满的一集！ #lol #男枪 #游戏日常,05:47,376,16,64,0,39,495
老四解说,a98116502042,MS4wLjABAAAA2kOA6XDiEZspFLYJ1uTwNCthChnuGRA4s7tl6hZHLp4,424852,2024.04.27,a7362503219244846345,https://www.douyin.com/video/7362503219244846345,联盟玩家为什么要摆烂？（深度还原联盟玩家如何被ELO机制制裁） #英雄联盟手游 #lol手游,02:01,1935,123,1906,8,377,4349
神明电竞工作室（接包天）,a3037300947440987,MS4wLjABAAAAMeZjRqlOvHhwLnHsxMvCk4EFKcVgY8K42awksH2BnrlHwqMvS2FD9G0sxV1k1yMd,2781,2024.08.18,a7404334660894985526,https://www.douyin.com/video/7404334660894985526,自己血c如麻，队友却在嘻嘻哈哈的摆烂 心态爆炸#lol #狼人 #破防,02:21,49,3,30,0,4,86
夏季,a1614495673750468,MS4wLjABAAAA51_toLdPISDpF-mUYRMKwROa24R3FiQHrlvCgBNZgZ0vGGZDNdZQwZreMjrc_G2u,147959,2024.10.15,a7425765940752633138,https://www.douyin.com/video/7425765940752633138,有时候真的不是自己想和队友吵架 莫名其妙就摆烂#lolm,02:03,3594,176,643,3,387,4803
LOL手游天天,a3778340356626271,MS4wLjABAAAA9d2mr4bRx5paIDy8cnoi_OjE4E0n93K5LppHS4u4UvEICmzSHC1Sp5OaQ-ybrZa4,28340,2024.08.18,a7404488858143952139,https://www.douyin.com/video/7404488858143952139,英雄联盟手游目前说人机队友和摆烂玩家的声音有点多~ #lol手游进化海克斯峡谷 #lolm #英雄联盟手游,00:46,307,13,565,0,13,898
十三悟空 lolm,a97173618790,MS4wLjABAAAAEaxb-1ZGThwoDRCLsPmtCtFG9fFkljac_BhAgHip8F8,18994,2024.11.23,a7440352178356653312,https://www.douyin.com/video/7440352178356653312,上来说我菜然后我带他飞然后他摆烂，你们见过最奇葩的队友有多奇 #英雄联盟手游#lol手游进化海克斯峡谷 #游戏日常,02:45,55,2,13,0,1,71
暗夜,a2670030178231756,MS4wLjABAAAABSOjQ7LKXBlR08j7rsIxI-dWLjWvpFuvoDdsWpVH0FCaDmd0IhXD6pB3E8sALJT6,24906,2024.11.21,a7439451804913437952,https://www.douyin.com/video/7439451804913437952,感受卢锡安的魅力 #lol手游终极对决 #lol手游整活天才 #lol手游版本更新 #暗夜ad #卢锡安,01:33,196,3,29,0,20,248
戒喷（国一腕豪lol手游）,a70915640948,MS4wLjABAAAA3yU4B6M9_7QC6tkqeibCOAZWQUp4tdk2sguWFqa-HcI,199251,2023.05.08,a7230751812268068148,https://www.douyin.com/video/7230751812268068148,你们说他到底是在摆烂还是在卡分啊！#英雄联盟手游 #峡谷之巅 #lolm,02:12,2178,63,513,4,106,2864
丧尸布兰德,a64896824906,MS4wLjABAAAADYvUx33BPztIB5oB--WOmmhuk4dXlMjazNtxKe5VW94,3936,2023.02.07,a7197219149649595704,https://www.douyin.com/video/7197219149649595704,遇到摆烂队友，随手举报，正义没有迟到#lol #艾欧尼亚 #辅助 #火男,01:12,11,1,9,0,0,21
小安sup,a94202130718,MS4wLjABAAAAwWn-IVUqi7SObl0wVFUwb7u-tfT67JxoBSMK5XAFnWI,12,2024.08.05,a7399672883703860515,https://www.douyin.com/video/7399672883703860515,辅助第一视角带摆烂队友拿下游戏#lol  #輔助  #摆烂队友 #日常排位,05:49,18,0,10,0,2,30
lyb(全能ad),a57614440348424,MS4wLjABAAAAwK4h7yQy0IG48GCTABR-JbBNyIzrj4hxiTGMH_yeYGE,526,2024.12.03,a7444116056764943676,https://www.douyin.com/video/7444116056764943676,很少见女玩家有优越感，摆烂和一直输出负面情绪的#lol,01:20,27,4,33,0,4,68
对瘤谈情,a169799835718586,MS4wLjABAAAAw5_OmYp7IX5DKMYms1bRgW3RZoPGmXDK05dihFzwOAs,68,2024.11.13,a7436790723250310435,https://www.douyin.com/video/7436790723250310435,英雄联盟好棒的匹配机制 英雄联盟是世界上最最最棒的游戏！英雄联盟设计师是世界上最最最优秀的设计师！腾讯是世界上最最最良心的公司！#s14全球总决赛 #lol #联盟 #游戏日常,01:34,46,4,63,0,14,127
猫老板,a910811637751156,MS4wLjABAAAA2jD2Xs4F80YVauBzqing2dJEAq82cRyE1S8FuBl_Mko,8747,2023.11.08,a7298996904438795558,https://www.douyin.com/video/7298996904438795558,队友骂人：可以没问题队友摆烂：不行！！#lol,02:34,177,2,31,1,39,250
Taka（国一穿甲瞎）,a101516501241,MS4wLjABAAAAuSjzVCbW1IWS_tqFY3xmy1teyJ650dVhrGOQk3gum6s,81642,2024.07.02,a7386883988826164517,https://www.douyin.com/video/7386883988826164517,当你排位遇到送人头挂机摆烂的少爷 #lol #盲僧 #艾欧尼亚 #摆烂队友 #游戏日常,04:38,1776,59,275,3,125,2238
小辰艾克king,a4101593716235012,MS4wLjABAAAAPVy3Tezch1jwS8onvvaF7rEo0LHISqBBc-MFCnf1Vc0A7s_uULO12Ooxcyn4SPJx,109,2024.11.27,a7441775832621698304,https://www.douyin.com/video/7441775832621698304,如何严惩elo摆烂队友？ #英雄联盟 #elo #摆烂队友,01:30,14,2,5,0,5,26
君临狗熊,a3193448140127608,MS4wLjABAAAAMvrmaiw0Yf6arHnwKpOHm0ouLl9pCrIDSxqoeGHn70DHG1l0oTs0i4HW2nq0N9uO,11817,2024.08.07,a7400405357400558887,https://www.douyin.com/video/7400405357400558887,自信是上单的第7件装备！ #lol #英雄联盟 #AP狗熊,00:51,30,1,3,0,0,34
小熊软糖(中韩第一中单扎克）,a2264646204010551,MS4wLjABAAAAVLji3aL9iGue_e_sLSGWutH_FZVChhVutUMJ-HyJWsJyZ7QP4lCwDznxx6RxvPlf,11998,2024.10.04,a7421753715368955136,https://www.douyin.com/video/7421753715368955136,对面卡沙：笑脸是不是给多了，还想翻呢？ #扎克 #英雄联盟 #生化魔人 #韩服王者 #英雄联盟s14,03:39,394,15,95,0,27,531
楚钧艾克,a2410569943227703,MS4wLjABAAAAV_teb67ovxLLNsH7wbVpl3fAJWAih_baUfbtLIYrqkQhVOzN0AA_shXqybLATiqW,751979,2021.07.20,a6986950435907079460,https://www.douyin.com/video/6986950435907079460,队友摆烂应该怎么办?对这种行为应该报以什么态度呢？#无赖打法,01:03,19725,42,1066,0,779,21612
lol芜湖神,a75275510483,MS4wLjABAAAANM45qgOB86tTs05LDKQ5qFaRCp7jtLAYswMcOlZ0OpQ,265009,2024.10.11,a7424492924898921782,https://www.douyin.com/video/7424492924898921782,偶遇摆烂辅助 队友想点？ 别怕 有神在 输不了！ #三桂园区 #芜湖神,04:46,634,13,57,0,8,712
狼王沃李克（点草设计师版）,a57819376826,MS4wLjABAAAA2_XTWGRWmVfDqIz-8UenQKWpFgmkNphWYtyFxF-iwDs,16718,2025.01.03,a7455656173937773851,https://www.douyin.com/video/7455656173937773851,摆烂着玩游戏没意思呀！ #lol #游戏日常 #上单 #狼人沃里克 #细节操作,05:48,397,13,27,0,12,449
文森特的鲍飞大剑,a4124995807357191,MS4wLjABAAAAxHBDpP6JmcwuYjEUpx2O1Llg1lbR8oVHAAO3PYK3sqt8ynRSm0dSsVtS0ja8MzWr,340492,2024.09.14,a7414444566851439891,https://www.douyin.com/video/7414444566851439891,队友一级摆烂送人头，文森特当即就掏出四字真言，表示你随便送！  #游戏日常  #文森特  #lol,03:17,147,13,4,0,5,169
萨and萨（卡饵码）,a69653339066,MS4wLjABAAAADx6fiG1aXGNh-kTcFF48nbRhh_Wmossu3vN2gXKbYq0,167,2024.12.21,a7450865936518647074,https://www.douyin.com/video/7450865936518647074,希望联盟手游越做越好 评论区友好讨论，不要硬喷，强喷，猛喷，谢谢🙏我之前连跪也疯狂也骂队友也摆烂故意输。但冷静下来这都是浪费自己的时间和精力，没有任何意义。#lol手游新赛季 #lolm #单排上分 #lol手游进化海克斯峡谷 #英雄联盟手游,04:50,6,0,4,0,0,10
黎子糕,a70390489120,MS4wLjABAAAAgtnFw0FORZ1DY60z8LU-Tqh7hCkwOtSJuQ9cZRVs4AM,1171,2024.06.06,a7377419452670889225,https://www.douyin.com/video/7377419452670889225,@英雄联盟手游 我该用什么样的语气什么样的语言来表达我乱七八糟的心情？连跪6把，把把队友摆烂举报不了，打野帮抓，我跟ad推线进塔捆人，被控死了就认定我消极比赛？#lol手游 #lol手游新赛季 #lol #英雄联盟,00:15,15,0,27,0,0,42
Hᴀʙɪᴛ·,a60385805429,MS4wLjABAAAAjVCeirXviaKORJ4-AFL2VKPbYvDxIOrCZSwRuSKOUno,36,2024.05.04,a7365024288564432165,https://www.douyin.com/video/7365024288564432165,#lol #日常排位  #四打五逆风翻盘 队友挂机+摆烂，牵条鳄鱼🐊极限四打五逆风翻盘。,01:40,2,0,2,0,0,4
星鱼天使lolm,a4010611696737831,MS4wLjABAAAA_6HiiVuIoCBVlV0Nuxynj0hgVpI0QcAz3cDFnYQ274h7o_I8G4vLnvZuAmcW3s0U,25173,2023.11.18,a7302825317146692915,https://www.douyin.com/video/7302825317146692915,队友摆烂，你会选择坚持还是放弃？#lolm #星鱼天使 #英雄联盟手游,02:15,1305,57,115,1,45,1523
浪灯Wdc（反野流打野）,a80188783996,MS4wLjABAAAAIuhXvPOs3yn3pO33iIy6sEchJijmWc5OhJ6Peyu_msw,480960,2024.12.16,a7448953382007524668,https://www.douyin.com/video/7448953382007524668,AD摆烂送头，中单挂机喷队友，3V7能否带赢？ #英雄联盟 #游戏日常 #赵信,07:00,2096,115,119,0,30,2360
北神,a1605756923681312,MS4wLjABAAAAmnAUcijhqJEYYSOlnA-20d_7x1ko_oeWDNOmi2schcCx0p1tq83jNsK2WsLJFUYt,17926,2023.08.29,a7272708019287313699,https://www.douyin.com/video/7272708019287313699,#lol手游斗魂无双 让摆烂队友信誉变成3真的太开心了,05:29,66,5,46,0,5,122
关羽骑摩托78,a213756716002859,MS4wLjABAAAA8NYcVOazuuD8KzCFzjOgNbawgZXinrvN9VPhJYRocs0,9208,2024.10.20,a7427757951949081896,https://www.douyin.com/video/7427757951949081896,提高自己不如摆烂！昨天摆烂玩11局还能赢9局，养生流打野武器 #lol手游  #英雄联盟手游,07:44,523,55,185,0,376,1139
炒面（机制上分）,a96376667682,MS4wLjABAAAA3o8O5-lnFhy7fsmwiCzJIND8wDgWgk5IhqNLFmp54Po,13680,2025.01.12,a7458986417801186620,https://www.douyin.com/video/7458986417801186620,队友开局摆烂，极端条件下再次刷新下限，唯有掌握机制方能临危不惧#匹配机制#卡匹配 #s38新赛季,01:41,1103,423,73,0,177,1776
蘑菇王大白（国一提莫）,a4231336188454347,MS4wLjABAAAA0ZeTJ1NMPsQUSUuBd41szHK9Lr-zpidiwHED-rJWP7NbfJC5MabgsbFLCyKGn6bx,176759,2023.09.26,a7283088529494691128,https://www.douyin.com/video/7283088529494691128,当歧视提莫已成共识，队友摆烂也是提莫的错对吗？#提莫 #lol手游斗魂无双,02:34,3583,143,2692,0,133,6551
尘民10086,a1267092927812840,MS4wLjABAAAAPA1IQqxBeuhB6CEMZLGjl08xI3-utbtTPoIsfh0mtxYbwL7RCsqrgQD_TDEaYbQO,125144,2024.03.28,a7351332577988545802,https://www.douyin.com/video/7351332577988545802,队友摆烂不想赢 移动客服强行带你赢 气死你#lol手游华彩迎春,03:28,4016,108,286,0,97,4507
三刀流（国服蛮王）,a97402896886,MS4wLjABAAAA26IQuMHOcQJkmaGXIXRcK-A0znKmZ0HH9m036UwTH0c,26951,2022.07.21,a7122777857218202888,https://www.douyin.com/video/7122777857218202888,当遇到队友摆烂...#lolm #游戏日常 #三刀流 #摆烂 #蛮王,03:03,34,1,9,0,2,46
LOL怀中猫,a1524344340886636,MS4wLjABAAAA2lItLHS4p-UtyqrLY_MN6douzt3-4DEkNsIph4xKObyTFwe0r14RCgWuu0BLQxWv,608,2024.12.27,a7453004675739110665,https://www.douyin.com/video/7453004675739110665,jjking韩服摆烂被追着骂，粗鄙之语的背后竟是一位甜妹 #jjking,02:33,124,6,0,0,76,206
峡谷小靓仔,a99008068217,MS4wLjABAAAA_aFW799tsxJeHsDUR1pRuCzlOmlbCwv21_kScnoWCms,85139,2023.04.07,a7219273859680226564,https://www.douyin.com/video/7219273859680226564,队友选个猫咪打中单摆烂，文森特却高兴坏了：两个辅助不香吗 #lol #文森特 #游戏日常 #小海锤石,05:17,2571,187,92,0,64,2914
林小婵（吐槽）,a567805040922360,MS4wLjABAAAADCp1yrUHHpPVO9zlWJn6fQgQsHsYzXSH8hXl10ExhfU,12425,2024.12.28,a7453437390342868265,https://www.douyin.com/video/7453437390342868265,防摆烂机制竟然是上分利器？ #防摆烂机制 #弃车保帅上分法 #林小婵,01:01,182,14,32,0,115,343
6馍,a3364929163765133,MS4wLjABAAAATu0jfQNyJh68Ni4kqEechncmwIvCjGr6d4fVGEL_SRp_MiTxj8qey0fevTPlSAXz,126385,2024.12.26,a7452508053582155020,https://www.douyin.com/video/7452508053582155020,jjking韩服摆烂被妹子追着加好友狂喷,00:57,1184,67,20,3,420,1694
店长盖伦,a95170156770,MS4wLjABAAAAKiN5sXyHlcKWvGIaZMyO1gfoH6C9drlR9n8I46Vf9_0,1102190,2022.06.07,a7106373625271340295,https://www.douyin.com/video/7106373625271340295,摆烂队友竟然给我道歉,02:57,16315,330,725,33,251,17654
zZZ..,a92763470608,MS4wLjABAAAAOAmwGMAIAQhdbM2LPuYQxRwhWvpxD9nYWmJBP9P2nq4,163,2025.01.08,a7457478206136864035,https://www.douyin.com/video/7457478206136864035,可笑#无畏契约 #摆烂 自诩的正义,01:44,2642,53,524,1,677,3897
猫爷❤️,a2818800969329102,MS4wLjABAAAA9WBp3nUrTtI2zcKyZrVZMN-kxKOEbV-l-nuSF22BTnXH8nSM-Fpa8g8D0Ayx9Uzg,3888,2023.02.04,a7196114197028031778,https://www.douyin.com/video/7196114197028031778,当我学着摆烂的时候，优秀的队友给我上了一课，这才是联盟的魅力吧，无数次反转，如果再给我一次机会，我一定不学人家摆烂，净化游戏环境从我做起，你的对友感动过你吗？#lolm #又菜又爱玩系列 #女生打游戏 #感动 #elo机制,04:00,139,4,167,0,11,321
502你真该死啊,a1546348998169609,MS4wLjABAAAAmgnPOJ_i-nfz84L4rLgsAXi4AdA1gIDfmO8LA-pG8OiE5Mfr57W3SusSDivbULlp,1,2024.12.21,a7450565707881844006,https://www.douyin.com/video/7450565707881844006,耽误各位4分钟时间，孩子破防了。#摆烂队友 #单排上分,02:53,0,0,0,0,0,0
老爹不太老,a2163439301570760,MS4wLjABAAAA7yNgSjkccz15B9CGtierLhTKvGqz9Fbal6Wqz4eyGof4wji4gJVilS5pFzNcJfuC,294252,2023.08.10,a7265660462543408439,https://www.douyin.com/video/7265660462543408439,摆烂队友，真的扛不住，我一个游戏主播都很无奈。 #游戏日常,02:55,96098,2373,27022,0,4232,129725
达令刀塔DOTA2,a1225336881426900,MS4wLjABAAAAB4JnGS5wcPu-9svFzs_70paqjK3AlW-fm-cSH-A88mABTwNMuSPA2YNlUpRSNI7d,8939,2024.12.28,a7453406401918995722,https://www.douyin.com/video/7453406401918995722,劣势局极限翻盘，奇葩队友搞心态，中单战神屠夫挽狂澜 #dota2 #刀塔,10:30,668,72,198,0,46,984
峡谷大食堂,a2211820125568237,MS4wLjABAAAAQ7SXkVx5FiY6tElYPt_1-5qZ6h8oD3C8edbvEcdk15iVgj5105-mFN41XSPmWbll,244876,2022.05.31,a7103894481560243470,https://www.douyin.com/video/7103894481560243470,职业选手西安WE.best排位赛，遭遇万年不遇的奇葩摆烂队友！,04:40,13798,382,9257,571,4635,28643
峡谷教育家（艾曦）,a97024208623,MS4wLjABAAAA3HcLKFm4Zoo-hIuRUUd08OsPaYrv6EVQanb8ZcM15bY,20744,2025.01.12,a7458970528116690185,https://www.douyin.com/video/7458970528116690185,峡谷教育第十五课——《摆烂罪否》，摆烂究竟是如何诞生的。 #2025抖音王者荣耀新春会#王者荣耀艾曦 #峡谷教育家 #育人计划 #雷锋流关羽,06:46,582,21,113,0,188,904
云溪尘（王者百晓生）,a98401154472,MS4wLjABAAAAYR1OsjdlIjzcI6KpSksksSbHMNhM8LnGKdJ2kHJMvrQ,162465,2025.01.13,a7459288678699896101,https://www.douyin.com/video/7459288678699896101,千年排位赛大顺风队友却突然摆烂，赛后复盘却发现错怪此人还以清白#千年万牢之主 #万牢之主 #王者荣耀 #游戏日常 #峡谷人的精神状态,02:59,345,18,470,0,17,850
一蛋游戏解说,a143392247393007,MS4wLjABAAAAcmF4Dozc2rh7mbqippHCKHmH0ec5MHJp_wGE9wIMkj4,23972,2024.12.25,a7452292259703180584,https://www.douyin.com/video/7452292259703180584,新赛季防摆烂系统出现大量误封，大量玩家因此破防#王者s38赛季  #内容启发搜索,01:10,24798,1023,5356,302,33171,64650
制氧机。,a25424767385,MS4wLjABAAAAuwGhqFhSvByXzSfmXuilGZr-d3HgtcLU0XZ8u6mn7Ek,231,2022.09.17,a7144378078607707426,https://www.douyin.com/video/7144378078607707426,只因为一句：“就剩咱俩也要好好打。”#英雄联盟 #游戏日常 #lol #摆烂,00:06,80213,3167,6940,412,7122,97854
维忆要努力🔥（陪玩店在主页）,a92326170013,MS4wLjABAAAA_O_8qw4GduOc-13nffOqJ0n8H6UHbeMAfd2pNMhye2A,337555,2021.12.10,a7039928112741715211,https://www.douyin.com/video/7039928112741715211,连胜就排摆烂队友？利用好elo 机制，轻松把小代留在自己这边。躺到97胜率白金4排钻1，这不快乐？#英雄联盟 #elo,02:31,79210,2065,13878,8398,43984,147535
大破绽游戏解说,a100944749475,MS4wLjABAAAA0nuYdDHJBIzstoHV651d7MSy6W6iF8VUNPsZQDUq618,204643,2025.01.10,a7458081535946689827,https://www.douyin.com/video/7458081535946689827,自家队友明演摆烂，对面打野疯狂针对，峥峥这把究竟能不能挺得住？#游戏日常 #峥峥王者荣耀,02:55,533,41,9,1,25,609
Taka（国一穿甲瞎）,a101516501241,MS4wLjABAAAAuSjzVCbW1IWS_tqFY3xmy1teyJ650dVhrGOQk3gum6s,81642,2024.07.03,a7387363443101289738,https://www.douyin.com/video/7387363443101289738,敌人嘲讽队友摆烂 如何破局 #lol #盲僧 #游戏日常 #意识操作 #穿甲盲僧,05:12,1277,45,175,0,98,1595
老四解说,a98116502042,MS4wLjABAAAA2kOA6XDiEZspFLYJ1uTwNCthChnuGRA4s7tl6hZHLp4,424852,2022.06.15,a7109339723969252638,https://www.douyin.com/video/7109339723969252638,摆烂也不用被禁赛！一招教你恢复信誉！#英雄联盟手游 #lol手游 #lol手游资讯,00:21,2607,396,84,442,2064,5593
李狗带🚹,a2454554417846942,MS4wLjABAAAAWX29M7bC8bTQpf6OoIwsMGfhSB1K-TNXAHvW6-lVuqtM7h7NcduKPkwKRwk1SsfC,1129,2021.11.26,a7034806726297783586,https://www.douyin.com/video/7034806726297783586,队友摆烂？心态与技术同样重要#lolm #英雄联盟手游国服 #lolm随时随地,03:06,107,2,54,0,2,165
taty,a101620453952,MS4wLjABAAAAyKa4eon2EMvCkz2WrIK5L5wOY1hZ6D9xj7uaOump5rA,450,2024.04.16,a7358130757027564836,https://www.douyin.com/video/7358130757027564836,开局队友抢位置还开喷 这把怎么赢#lol  #游戏日常分享  #摆烂队友   #adc,05:26,165,11,49,0,11,236
如梦佛耶戈,a2421597918207024,MS4wLjABAAAA6YqkX6yM-p6bl3NL-zzKSfCL-rvSzXgl03TLFGhYLPfg8i7NkQf9R4JF22hmIq6m,29753,2024.12.29,a7453753811438406972,https://www.douyin.com/video/7453753811438406972,无数次的绝境翻盘，却只带来了无数次加强过的ELO#lol #破败之王 #击杀集锦,00:56,148,5,6,0,6,165
俊杰（千珏艾克大王),a61412728358,MS4wLjABAAAAHqLW7u7DKfrudrA-HqbnDKyNZf0q_25YgsPF_h4XGuc,5380,2023.08.13,a7266699546422447397,https://www.douyin.com/video/7266699546422447397,摆烂不是在摆队友，是在摆你自己#lol手游 #摆烂日常,04:22,137,15,96,0,57,305
蛇皮小法（金牌解说中单法王）,a101047483349,MS4wLjABAAAA20acQaIIG9Nq0TsIA9sEWVsk_OXP0ntopfIFYqwkKPY,242268,2025.01.14,a7459431276001398053,https://www.douyin.com/video/7459431276001398053,致敬每一个坚持到最后的召唤师 #lol #蛇皮小法 #小法师中单20分钟1000法 #逆风,01:58,147,3,13,0,1,164
吸氧哥（王者解说）,a3825943402520599,MS4wLjABAAAAOHaTs_aYLE0pHOaNi2JGvR8epeEmNPwQEAc_IgIzRSupJeUvw_hxyNrCvm3hAsPf,1108798,2024.11.16,a7437773511990480139,https://www.douyin.com/video/7437773511990480139,猪悠被摆烂队友气到暴走，看见其主页却有选择“包容”#猪猪小悠,02:58,1950,177,54,6,536,2723
金铲铲、小伙子,a4180760490155116,MS4wLjABAAAABb_QQcM6CgnLWOpD27lQQP2Btq9103z6Q8jMKi6N-aH-6lVDxoQ_ct2pvQzVWBZ-,2,2024.04.10,a7356156970744827170,https://www.douyin.com/video/7356156970744827170,#lol手游 #队友摆烂‘这打野因为讲话没人搭理他就开始摆。,00:15,3,1,3,0,1,8
羊东译（年前减肥版）,a103967756172,MS4wLjABAAAA31ZFK7iufUQ_cT2VkORSYBdHvtTuVy3yIT-yAo3c0jo,124,2024.10.05,a7421972214007876864,https://www.douyin.com/video/7421972214007876864,诺手打野就是好玩，爱玩，队友喜欢摆烂我也玩 #lol #极限操作 #细节操作 说实话，这个游戏上分得看运气，大师掉钻2只需要6把,02:06,12,2,3,0,0,17
无心教主,a109597186421,MS4wLjABAAAAB7ywkZ9E6g2Q7IlK9bpt_w00FBrSmF1YlI4dpwoTFb8,9954,2022.10.10,a7152381143638101284,https://www.douyin.com/video/7152381143638101284,当第一把1/9究极摆烂的队友第二把排到对面会发生什么#英雄联盟 #艾欧尼亚 #超凡大师 #复仇局 #队友摆烂,04:40,75,5,16,0,5,101
森林（国一加里奥）,a93401263745,MS4wLjABAAAAUtKTI3jAW8yT1nE5xYMEb0iqybHPftQTBcpNcB8vYe4,95113,2022.12.14,a7177002187543858492,https://www.douyin.com/video/7177002187543858492,《队友摆烂的真实原因》#lol手游暗夜破晓 #英雄联盟手游,01:12,5996,208,852,83,794,7933
小重装king,a110061553479,MS4wLjABAAAAR-chPBnKEQEJk09K6gI4Ldpl0665Hy04MlsXQJzb88M,1176,2024.09.22,a7417139573832158502,https://www.douyin.com/video/7417139573832158502,【ELO机制】摆烂=赢？认真打=上班/躺输？ELO就这么恶心 #lol #游戏日常 #ELO机制 #英雄联盟 #排位,03:45,30,1,37,0,5,73
初初（国一武则天小乔）,a3856720083826152,MS4wLjABAAAArAnxJ9nJ9IN2swTdVveqyYLQNKpNQ7IwJOpMJCQ0ddbV9oZDEjIcle0cxP_OfzeZ,289226,2023.08.01,a7262354123675192613,https://www.douyin.com/video/7262354123675192613,面对摆烂队友，我们四个认真的态度，就是对这种人最好的反击。#摆烂队友 #游戏环境现状 #国服武则天,03:21,16035,341,2841,6,191,19414
渡欢心（阿萝拉）,a62284037712,MS4wLjABAAAAZNbSbMzWmUHm7m3kKndMeZO4JxjzZQ_6NCqL3WkZr8g,38962,2024.11.21,a7439505970696310027,https://www.douyin.com/video/7439505970696310027,往往天崩劣势局 更容易翻盘 因为会有一股劲儿 把你们聚在一起 操作和运营也会更加谨慎 像那种天胡优势局更让人放松警惕 一旦出现了判断失误 局势扭转 队友及其容易自暴自弃 开始摆烂#阿萝拉 #联盟的魅力,02:27,744,57,73,0,58,932
锤锤不点灯笼（CD流锤石）,a792103182145864,MS4wLjABAAAAjfgdNTS_z94LE1S3kkRHIYyHBSLm707sLv2Xv7Ma2c4,22835,2022.04.12,a7085630713885625614,https://www.douyin.com/video/7085630713885625614,队友开局摆烂，11分钟既然给对面打投降了。 #英雄联盟手游 #手游锤石讲解 #游戏梦想家寻宝季,04:14,4540,126,915,10,248,5839
世界第一路人劫,a105382412124,MS4wLjABAAAAxHbZO9IKVMSlOOo2DUuBz000P8PXJ1uh-XpPmhVcGu8,235866,2023.10.06,a7286775683542551827,https://www.douyin.com/video/7286775683542551827,队友摆烂 但不代表不想赢！,11:39,7511,261,748,0,1000,9520
凌羽（摆烂教学）,a69431194954,MS4wLjABAAAA3vkoMkHaZWYChm1JUBxryKpL_1tCIhpH1g3VyD6aMfc,36943,2025.01.13,a7459238883293678883,https://www.douyin.com/video/7459238883293678883,玩王者不摆烂就被队友坑?#凌羽教学 #反向教学 #王者荣耀教学,01:03,45,6,12,0,16,79
你的安安,a4322871177393812,MS4wLjABAAAAg18XDtUsyq3mZW1iyByBtJgqhAbbAkyfyK9abfXFs8Qjmr6VJAinjQe4IZzojw5P,7122808,2022.03.06,a7071924261027319077,https://www.douyin.com/video/7071924261027319077,你遇到队友摆烂会怎么办？,01:12,160793,4305,2081,388,785,168352
秒杀怪卡萨丁,a4033441348988235,MS4wLjABAAAAW7Q6AxuGu9ImONuRjF8pN2YOdlQncTGDVGMalEBF_WRAHYL_TlCIiRUnwL9zqn-e,957921,2023.02.23,a7203068182041464079,https://www.douyin.com/video/7203068182041464079,这局队友摆烂开局逆风，卡萨丁该怎么玩，长视频希望兄弟们能看到有点东西，喜欢的兄弟们记得点个赞#英雄联盟,26:23,6051,0,309,0,101,6461
LOL大神秀,a628530493274516,MS4wLjABAAAAqeaTkw2JcCkFcTgacCgMfFrYVK8MCwdWbRhfht1eY4A,243435,2022.03.24,a7078326358648048933,https://www.douyin.com/video/7078326358648048933,#fakerFaker又遇到摆烂选手！李哥：这竟然是王者？拜托把他封了吧,01:02,4090,157,959,0,83,5289
明月从心,a3222048805490068,MS4wLjABAAAAJdubPiEjjTymqbcB57ZyODP0QsKpVgRGJ8uwpfjbrwth9Cim9RGLgQdYHaBQOOBH,1662,2023.12.20,a7314658410727804179,https://www.douyin.com/video/7314658410727804179,上单巨魔 队友摆烂，无限单带偷家翻盘#LOL #我的游戏日常,03:05,82,6,13,0,1,102
KING（国一穿甲瞎）,a2421593879623659,MS4wLjABAAAAP-ApBiTw6UD3vOVH6-kiIG2IGbbQifb2-M-QFcVeN7nNB93UeH1VmHpHFmMEr9Ik,1009,2024.10.17,a7426706125698895156,https://www.douyin.com/video/7426706125698895156,打野必修课 宗师局八分钟队友摆烂挂机？ 落后一万经济！教你如何用思路完成逆风翻盘！#lol #落后一万经济 #打野思路,11:04,71,3,8,0,8,90
峥峥和摆烂队友呀,a517197600396508,MS4wLjABAAAA8UD3-RpqwyoOQSHBOct6tVXz8jTYyfHn0q-kEH1RLc4,4015,2024.12.15,a7448499084480023846,https://www.douyin.com/video/7448499084480023846,峥峥遇破绽队友#王者荣耀#峥峥 #游戏中的名场面 #游戏日常#是时候展现真正的技术了,04:24,32,3,0,0,2,37
LIMenry_,a64345223641,MS4wLjABAAAAUMRTC2RskQk1M0t36xQPcAbqjSO2B9dVx6sUCaLuzgM,223,2023.09.03,a7274403146271690039,https://www.douyin.com/video/7274403146271690039,打个游戏气到吐血，遇到这种的队友怎么办？#英雄联盟 #摆烂队友有多恶心,07:07,3,0,2,0,0,5
摇果解说,a2339371496252047,MS4wLjABAAAAuQv1Rlb0fg5yDbpUEs6i_ZYNXpvZVyVayzEWUth-AqQorR-DxDTzZ0YRZft8lEdY,5295,2025.01.06,a7456461695540563251,https://www.douyin.com/video/7456461695540563251,新赛季防摆烂机制真的有防到局内摆烂玩家吗#防摆烂机制 #王者惩罚机制 #王者新赛季 #内容启发搜索,00:57,416,47,397,0,40,900
iu1,a679930410043795,MS4wLjABAAAAZI8bBiXMGmOuImwLbUOizlAebPDvpf1aXfRJG4MQkl0,3594,2024.11.15,a7437321643426434355,https://www.douyin.com/video/7437321643426434355,中路没线权，队友5分钟开送，4v6逆风对局！ 慢慢恢复更新，感谢点赞转发支持！下一期视频千珏10分钟9层印记！#英雄联盟 #莉莉娅 #打野,06:15,206,8,10,0,25,249
文森特的鲍飞大剑,a4124995807357191,MS4wLjABAAAAxHBDpP6JmcwuYjEUpx2O1Llg1lbR8oVHAAO3PYK3sqt8ynRSm0dSsVtS0ja8MzWr,340492,2024.05.29,a7374365550501301555,https://www.douyin.com/video/7374365550501301555,文森特：在我这没有投降二字，开局四打五好好看好好学！  #文森特  #lol  #游戏日常,03:50,1225,83,30,2,49,1389
英雄联盟-大师兄,a1530128095787144,MS4wLjABAAAA-xCdeITFJPvW-uqkLsM039HVxaa0hAIWffb_spITr5KMBEMxFRec7bC4ekgw2CB_,211069,2021.11.21,a7032948300957519140,https://www.douyin.com/video/7032948300957519140,遇到队友摆烂和你互动你该怎么解决？#lol #小超梦 @DOU+小助手,05:36,33926,330,1754,0,625,36635
大飞鹿🦌（时疯时静版）,a809708157933367,MS4wLjABAAAAX3w96z26oHBPpenYoCMtnnQiYi9MZnspjOF8YHu1xe4,1512,2024.11.26,a7441295560092421428,https://www.douyin.com/video/7441295560092421428,《脑子到底在想什么》 艾欧尼亚的钻石选手真的太极品了，大家都在比谁更摆烂，真的太夸张了，我想知道，这些人长得一副什么嘴脸呢？这个希维尔脑子里在想些什么？我真不理解，队友明明没有骂他，也没有嘲讽他，只是让他塔下补刀别死，怎么还一副委屈嘴脸（队友不管我，对面打野一直抓我），瞎子明明就去了一波，关键他英雄是希维尔唉，不好抓的，绿茶男恶心哦#lol #游戏主播 #lol主播 #佐伊 #lol陪玩,02:09,46,3,37,0,5,91
小欢天使（国一天使）,a3703634064835212,MS4wLjABAAAACOoHXO_PTh0tHiB3_w58R6EIxCTYc3L5w8xRVJrIZnv_M8kaasvM8J4fgRXusTYc,9508,2024.10.23,a7428962082038500668,https://www.douyin.com/video/7428962082038500668,单排大师局，百分之50输出大逆风翻盘，如果你朋友这种摆烂队友，你该如何应对#lolm #英雄联盟手游 #凯尔 #我的游戏日常,04:23,90,13,17,0,3,123
娃哈哈杀手,a81723721956,MS4wLjABAAAA9F7wYNdfsX2WwBVop7LUaGSkkxYGlDXirrNjdwbH-FM,676401,2023.10.16,a7290486080875400467,https://www.douyin.com/video/7290486080875400467,中单摆烂教对面锁我头？#联盟的魅力 #lol #游戏日常 #细节操作 #日常排位,08:40,7469,402,757,0,229,8857
雪豹真菜,a2168703311680968,MS4wLjABAAAAcHBcFk4lnlIfSjCp4f4q4ID_Zim6ESKvBXlh2MfVcY35IlUw-kRezRaucWxwA4CA,175,2022.11.10,a7163502268791180574,https://www.douyin.com/video/7163502268791180574,把把有摆烂的队友！英雄联盟早点凉了吧！#英雄联盟 #大乱斗 #摆烂 #lol,13:56,6,0,2,0,2,10
联盟及时雨,a4244531518112523,MS4wLjABAAAAnw7-o-8OvOrQQnXdFOThRIMRaFysnYJ03BxLqBS-0UUNxlbjPdsIkUUnibtD4RS-,7533,2024.11.02,a7432549093173415180,https://www.douyin.com/video/7432549093173415180,白菜刀妹顶级一打九：队友挂机摆烂副作用，纯靠个人实力在硬撑！ #三桂园区 #白菜ovo #芜湖神,02:20,2445,131,171,3,363,3113
一只小龙,a81888344554,MS4wLjABAAAABXWUJ4bOqSrNlPK1OvB1DhLzQOBeNdetZkQBkpDwjNc,1666,2024.12.27,a7452913618309418267,https://www.douyin.com/video/7452913618309418267,稚嫩少年#英雄联盟 #内容启发搜索 #用电脑刷抖音有多爽 #抖音电脑版,01:04,26,1,0,0,2,29
鱼哥（克烈）,a96672670302,MS4wLjABAAAAC7bJOD31GXr7ISDPudd3AcFWR4PkLJ2JclfG-79rAE4,9055,2022.08.25,a7135670656376655135,https://www.douyin.com/video/7135670656376655135,不要再去学elo机制摆烂了，摆烂完的队友不会更好，只有跟你一样连跪，建议还是掌握排位机制方法#lol #英雄联盟 #克烈 #elo,03:03,483,57,127,15,81,763
阿眠lolm,a95989148183,MS4wLjABAAAAoPgD99BDYmtF6_FdB0m4ORD-p8J2p1hmcRXURGQ2axs,198,2024.12.13,a7447861751124610361,https://www.douyin.com/video/7447861751124610361,真希望每个人都是人#lolm #lol手游 #lol,01:41,100,7,130,0,4,241
大乐- 艾克-LOL英雄联盟手游,a77402570312,MS4wLjABAAAAioKhSQsPOpKey9ZeDzDyCBlb3cBbsFGawJNboW_yY9Y,1320,2024.11.23,a7440416480782568767,https://www.douyin.com/video/7440416480782568767,两个未知峡谷人类的摆烂奇葩队友。#LOL手游终极对决 #LOL手游双城之战#LOL手游整活天才#LOL手游匹配机制,08:55,4,0,3,0,0,7
老四解说,a98116502042,MS4wLjABAAAA2kOA6XDiEZspFLYJ1uTwNCthChnuGRA4s7tl6hZHLp4,424852,2022.04.21,a7088978200398810405,https://www.douyin.com/video/7088978200398810405,联盟手游摆烂专用英雄TOP5！#英雄联盟手游 #lol手游 #lol手游资讯,00:42,3890,97,788,35,438,5248
浪漫豹女King,a3131883858963902,MS4wLjABAAAAWLACH7Z04z5pxZ1Mcu0AM72mVCgXUlHAICRkpPwrhIKpISC0j3W-E1DABWnJNpXW,18052,2024.12.27,a7453007319257992482,https://www.douyin.com/video/7453007319257992482,这就是我们班德尔城打招呼的方式! #峡谷之巅,09:40,1550,50,131,0,137,1868
林小婵（吐槽）,a567805040922360,MS4wLjABAAAADCp1yrUHHpPVO9zlWJn6fQgQsHsYzXSH8hXl10ExhfU,12425,2024.12.30,a7454181981903916347,https://www.douyin.com/video/7454181981903916347,防摆烂机制防的竟然是认真游戏的玩家#防摆烂机制 #林小婵,00:57,136,6,34,0,7,183